GEO.id,GEO.id2,GEO.display-label,HD01_VD01,HD02_VD01,HD01_VD02,HD02_VD02,HD01_VD03,HD02_VD03,HD01_VD04,HD02_VD04,HD01_VD05,HD02_VD05,HD01_VD06,HD02_VD06,HD01_VD07,HD02_VD07
Id,Id2,Geography,Estimate; Total:,Margin of Error; Total:,Estimate; Household received Food Stamps/SNAP in the past 12 months:,Margin of Error; Household received Food Stamps/SNAP in the past 12 months:,Estimate; Household received Food Stamps/SNAP in the past 12 months: - Income in the past 12 months below poverty level,Margin of Error; Household received Food Stamps/SNAP in the past 12 months: - Income in the past 12 months below poverty level,Estimate; Household received Food Stamps/SNAP in the past 12 months: - Income in the past 12 months at or above poverty level,Margin of Error; Household received Food Stamps/SNAP in the past 12 months: - Income in the past 12 months at or above poverty level,Estimate; Household did not receive Food Stamps/SNAP in the past 12 months:,Margin of Error; Household did not receive Food Stamps/SNAP in the past 12 months:,Estimate; Household did not receive Food Stamps/SNAP in the past 12 months: - Income in the past 12 months below poverty level,Margin of Error; Household did not receive Food Stamps/SNAP in the past 12 months: - Income in the past 12 months below poverty level,Estimate; Household did not receive Food Stamps/SNAP in the past 12 months: - Income in the past 12 months at or above poverty level,Margin of Error; Household did not receive Food Stamps/SNAP in the past 12 months: - Income in the past 12 months at or above poverty level
0500000US06001,06001,"Alameda County, California",545071,1716,36207,1372,17683,871,18524,1063,508864,1974,46589,1333,462275,2134
0500000US06003,06003,"Alpine County, California",394,80,19,15,7,8,12,12,375,78,33,19,342,72
0500000US06005,06005,"Amador County, California",14262,397,1229,209,626,175,603,165,13033,413,1177,221,11856,468
0500000US06007,06007,"Butte County, California",84816,794,8766,619,5083,457,3683,440,76050,977,11085,780,64965,797
0500000US06009,06009,"Calaveras County, California",18702,551,1210,258,600,163,610,195,17492,519,1426,298,16066,527
0500000US06011,06011,"Colusa County, California",6853,186,584,158,178,79,406,144,6269,231,709,137,5560,250
0500000US06013,06013,"Contra Costa County, California",375855,1770,20177,984,9521,727,10656,598,355678,1866,26056,1201,329622,1948
0500000US06015,06015,"Del Norte County, California",9593,303,1281,190,610,154,671,159,8312,315,1537,267,6775,310
0500000US06017,06017,"El Dorado County, California",67885,763,3239,404,1459,229,1780,326,64646,813,4491,511,60155,930
0500000US06019,06019,"Fresno County, California",289811,1344,52602,1482,30612,1128,21990,1076,237209,2004,32493,1256,204716,2116
0500000US06021,06021,"Glenn County, California",9628,244,1183,251,596,171,587,196,8445,295,980,170,7465,321
0500000US06023,06023,"Humboldt County, California",53296,644,4627,433,2629,378,1998,269,48669,654,7586,536,41083,752
0500000US06025,06025,"Imperial County, California",48099,587,8591,576,5082,438,3509,440,39508,807,6168,512,33340,784
0500000US06027,06027,"Inyo County, California",7873,224,591,138,265,72,326,122,7282,268,704,146,6578,271
0500000US06029,06029,"Kern County, California",255271,1607,37610,1310,22231,1138,15379,880,217661,1762,28257,1044,189404,1848
0500000US06031,06031,"Kings County, California",40785,543,5635,480,3231,408,2404,348,35150,683,4059,387,31091,708
0500000US06033,06033,"Lake County, California",26505,669,3276,491,1921,346,1355,274,23229,766,3836,519,19393,714
0500000US06035,06035,"Lassen County, California",9945,420,1055,219,598,161,457,165,8890,404,897,184,7993,371
0500000US06037,06037,"Los Angeles County, California",3230383,5065,251947,3251,135565,2794,116382,2064,2978436,5652,391685,3702,2586751,6151
0500000US06039,06039,"Madera County, California",42516,609,6679,579,3296,442,3383,431,35837,719,5092,545,30745,846
0500000US06041,06041,"Marin County, California",102912,870,3153,431,1200,272,1953,348,99759,895,5783,491,93976,973
0500000US06043,06043,"Mariposa County, California",7238,380,705,197,337,141,368,137,6533,373,703,196,5830,369
0500000US06045,06045,"Mendocino County, California",33878,579,3648,388,1892,343,1756,274,30230,614,4075,406,26155,684
0500000US06047,06047,"Merced County, California",75409,640,13603,710,8101,570,5502,527,61806,842,8261,584,53545,1007
0500000US06049,06049,"Modoc County, California",3983,193,307,107,190,82,117,70,3676,186,584,149,3092,182
0500000US06051,06051,"Mono County, California",5268,398,224,98,20,36,204,93,5044,376,323,147,4721,368
0500000US06053,06053,"Monterey County, California",125428,949,8406,566,4104,460,4302,446,117022,1067,14018,804,103004,1087
0500000US06055,06055,"Napa County, California",49431,523,2418,348,1060,218,1358,275,47013,569,3006,341,44007,647
0500000US06057,06057,"Nevada County, California",40991,704,2215,362,1012,256,1203,296,38776,760,3416,361,35360,703
0500000US06059,06059,"Orange County, California",995512,2773,50420,1392,24409,943,26011,999,945092,3026,80519,1998,864573,3941
0500000US06061,06061,"Placer County, California",132709,780,5233,408,2338,372,2895,339,127476,882,8901,675,118575,996
0500000US06063,06063,"Plumas County, California",8997,404,580,155,285,109,295,118,8417,400,1103,212,7314,346
0500000US06065,06065,"Riverside County, California",683144,2876,62851,1659,31428,1152,31423,1129,620293,2944,63486,2145,556807,3270
0500000US06067,06067,"Sacramento County, California",517243,1737,57544,1464,30835,949,26709,1215,459699,2166,46918,1495,412781,2223
0500000US06069,06069,"San Benito County, California",16995,222,1673,235,645,153,1028,192,15322,276,1155,205,14167,285
0500000US06071,06071,"San Bernardino County, California",603879,2255,79550,2012,41027,1510,38523,1395,524329,2787,58337,1966,465992,2938
0500000US06073,06073,"San Diego County, California",1076483,3102,58726,1666,30030,1220,28696,1158,1017757,3412,107058,2369,910699,4159
0500000US06075,06075,"San Francisco County, California",345344,1739,16039,922,7369,640,8670,695,329305,2010,38588,1146,290717,2211
0500000US06077,06077,"San Joaquin County, California",215563,1105,25754,1118,13846,880,11908,711,189809,1547,20332,991,169477,1643
0500000US06079,06079,"San Luis Obispo County, California",102154,1042,5246,497,2104,378,3142,372,96908,1103,11121,849,85787,1060
0500000US06081,06081,"San Mateo County, California",257941,1017,6438,565,2451,355,3987,406,251503,1184,15070,858,236433,1285
0500000US06083,06083,"Santa Barbara County, California",141720,898,8877,654,4387,387,4490,520,132843,1035,14546,740,118297,1154
0500000US06085,06085,"Santa Clara County, California",609377,1691,28629,1035,12957,693,15672,825,580748,2031,42324,1385,538424,2490
0500000US06087,06087,"Santa Cruz County, California",93504,939,6134,578,2965,448,3169,415,87370,1102,9520,768,77850,1021
0500000US06089,06089,"Shasta County, California",68980,883,6619,552,3441,396,3178,398,62361,1034,7586,583,54775,1049
0500000US06091,06091,"Sierra County, California",1253,144,67,53,37,46,30,25,1186,148,243,112,943,140
0500000US06093,06093,"Siskiyou County, California",19417,313,2366,234,1323,200,1043,166,17051,375,2527,310,14524,355
0500000US06095,06095,"Solano County, California",141464,1069,11545,709,5805,546,5740,520,129919,1211,10566,793,119353,1369
0500000US06097,06097,"Sonoma County, California",185660,1048,10645,707,4639,495,6006,503,175015,1146,14405,780,160610,1285
0500000US06099,06099,"Stanislaus County, California",166883,922,23353,1062,12618,785,10735,722,143530,1423,17497,989,126033,1566
0500000US06101,06101,"Sutter County, California",31725,348,3441,296,1667,246,1774,294,28284,436,3121,380,25163,479
0500000US06103,06103,"Tehama County, California",23374,449,2974,395,1765,360,1209,278,20400,480,2214,311,18186,542
0500000US06105,06105,"Trinity County, California",5668,254,445,138,255,99,190,98,5223,277,581,145,4642,274
0500000US06107,06107,"Tulare County, California",131642,692,28197,966,15396,832,12801,835,103445,1145,13556,718,89889,1339
0500000US06109,06109,"Tuolumne County, California",22025,628,2191,353,1239,305,952,244,19834,601,1983,357,17851,653
0500000US06111,06111,"Ventura County, California",267076,1070,16354,751,7310,672,9044,615,250722,1275,17732,789,232990,1453
0500000US06113,06113,"Yolo County, California",70347,707,5473,491,2967,355,2506,373,64874,772,8724,741,56150,826
0500000US06115,06115,"Yuba County, California",24300,399,4059,388,2310,325,1749,266,20241,396,2172,297,18069,480
