GEO.id,Id
GEO.id2,Id2
GEO.display-label,Geography
HC01_EST_VC01,All families  - Total; Estimate; Families
HC01_MOE_VC01,All families  - Total; Margin of Error; Families
HC02_EST_VC01,All families  - Percent below poverty level; Estimate; Families
HC02_MOE_VC01,All families  - Percent below poverty level; Margin of Error; Families
HC03_EST_VC01,Married-couple families  - Total; Estimate; Families
HC03_MOE_VC01,Married-couple families  - Total; Margin of Error; Families
HC04_EST_VC01,Married-couple families  - Percent below poverty level; Estimate; Families
HC04_MOE_VC01,Married-couple families  - Percent below poverty level; Margin of Error; Families
HC05_EST_VC01,"Female householder, no husband present  - Total; Estimate; Families"
HC05_MOE_VC01,"Female householder, no husband present  - Total; Margin of Error; Families"
HC06_EST_VC01,"Female householder, no husband present  - Percent below poverty level; Estimate; Families"
HC06_MOE_VC01,"Female householder, no husband present  - Percent below poverty level; Margin of Error; Families"
HC01_EST_VC02,All families  - Total; Estimate; With related children under 18 years
HC01_MOE_VC02,All families  - Total; Margin of Error; With related children under 18 years
HC02_EST_VC02,All families  - Percent below poverty level; Estimate; With related children under 18 years
HC02_MOE_VC02,All families  - Percent below poverty level; Margin of Error; With related children under 18 years
HC03_EST_VC02,Married-couple families  - Total; Estimate; With related children under 18 years
HC03_MOE_VC02,Married-couple families  - Total; Margin of Error; With related children under 18 years
HC04_EST_VC02,Married-couple families  - Percent below poverty level; Estimate; With related children under 18 years
HC04_MOE_VC02,Married-couple families  - Percent below poverty level; Margin of Error; With related children under 18 years
HC05_EST_VC02,"Female householder, no husband present  - Total; Estimate; With related children under 18 years"
HC05_MOE_VC02,"Female householder, no husband present  - Total; Margin of Error; With related children under 18 years"
HC06_EST_VC02,"Female householder, no husband present  - Percent below poverty level; Estimate; With related children under 18 years"
HC06_MOE_VC02,"Female householder, no husband present  - Percent below poverty level; Margin of Error; With related children under 18 years"
HC01_EST_VC06,All families  - Total; Estimate; RACE AND HISPANIC OR LATINO ORIGIN - Families with a householder who is-- - One race
HC01_MOE_VC06,All families  - Total; Margin of Error; RACE AND HISPANIC OR LATINO ORIGIN - Families with a householder who is-- - One race
HC02_EST_VC06,All families  - Percent below poverty level; Estimate; RACE AND HISPANIC OR LATINO ORIGIN - Families with a householder who is-- - One race
HC02_MOE_VC06,All families  - Percent below poverty level; Margin of Error; RACE AND HISPANIC OR LATINO ORIGIN - Families with a householder who is-- - One race
HC03_EST_VC06,Married-couple families  - Total; Estimate; RACE AND HISPANIC OR LATINO ORIGIN - Families with a householder who is-- - One race
HC03_MOE_VC06,Married-couple families  - Total; Margin of Error; RACE AND HISPANIC OR LATINO ORIGIN - Families with a householder who is-- - One race
HC04_EST_VC06,Married-couple families  - Percent below poverty level; Estimate; RACE AND HISPANIC OR LATINO ORIGIN - Families with a householder who is-- - One race
HC04_MOE_VC06,Married-couple families  - Percent below poverty level; Margin of Error; RACE AND HISPANIC OR LATINO ORIGIN - Families with a householder who is-- - One race
HC05_EST_VC06,"Female householder, no husband present  - Total; Estimate; RACE AND HISPANIC OR LATINO ORIGIN - Families with a householder who is-- - One race"
HC05_MOE_VC06,"Female householder, no husband present  - Total; Margin of Error; RACE AND HISPANIC OR LATINO ORIGIN - Families with a householder who is-- - One race"
HC06_EST_VC06,"Female householder, no husband present  - Percent below poverty level; Estimate; RACE AND HISPANIC OR LATINO ORIGIN - Families with a householder who is-- - One race"
HC06_MOE_VC06,"Female householder, no husband present  - Percent below poverty level; Margin of Error; RACE AND HISPANIC OR LATINO ORIGIN - Families with a householder who is-- - One race"
HC01_EST_VC07,All families  - Total; Estimate; RACE AND HISPANIC OR LATINO ORIGIN - Families with a householder who is-- - One race - White
HC01_MOE_VC07,All families  - Total; Margin of Error; RACE AND HISPANIC OR LATINO ORIGIN - Families with a householder who is-- - One race - White
HC02_EST_VC07,All families  - Percent below poverty level; Estimate; RACE AND HISPANIC OR LATINO ORIGIN - Families with a householder who is-- - One race - White
HC02_MOE_VC07,All families  - Percent below poverty level; Margin of Error; RACE AND HISPANIC OR LATINO ORIGIN - Families with a householder who is-- - One race - White
HC03_EST_VC07,Married-couple families  - Total; Estimate; RACE AND HISPANIC OR LATINO ORIGIN - Families with a householder who is-- - One race - White
HC03_MOE_VC07,Married-couple families  - Total; Margin of Error; RACE AND HISPANIC OR LATINO ORIGIN - Families with a householder who is-- - One race - White
HC04_EST_VC07,Married-couple families  - Percent below poverty level; Estimate; RACE AND HISPANIC OR LATINO ORIGIN - Families with a householder who is-- - One race - White
HC04_MOE_VC07,Married-couple families  - Percent below poverty level; Margin of Error; RACE AND HISPANIC OR LATINO ORIGIN - Families with a householder who is-- - One race - White
HC05_EST_VC07,"Female householder, no husband present  - Total; Estimate; RACE AND HISPANIC OR LATINO ORIGIN - Families with a householder who is-- - One race - White"
HC05_MOE_VC07,"Female householder, no husband present  - Total; Margin of Error; RACE AND HISPANIC OR LATINO ORIGIN - Families with a householder who is-- - One race - White"
HC06_EST_VC07,"Female householder, no husband present  - Percent below poverty level; Estimate; RACE AND HISPANIC OR LATINO ORIGIN - Families with a householder who is-- - One race - White"
HC06_MOE_VC07,"Female householder, no husband present  - Percent below poverty level; Margin of Error; RACE AND HISPANIC OR LATINO ORIGIN - Families with a householder who is-- - One race - White"
HC01_EST_VC08,All families  - Total; Estimate; RACE AND HISPANIC OR LATINO ORIGIN - Families with a householder who is-- - One race - Black or African American
HC01_MOE_VC08,All families  - Total; Margin of Error; RACE AND HISPANIC OR LATINO ORIGIN - Families with a householder who is-- - One race - Black or African American
HC02_EST_VC08,All families  - Percent below poverty level; Estimate; RACE AND HISPANIC OR LATINO ORIGIN - Families with a householder who is-- - One race - Black or African American
HC02_MOE_VC08,All families  - Percent below poverty level; Margin of Error; RACE AND HISPANIC OR LATINO ORIGIN - Families with a householder who is-- - One race - Black or African American
HC03_EST_VC08,Married-couple families  - Total; Estimate; RACE AND HISPANIC OR LATINO ORIGIN - Families with a householder who is-- - One race - Black or African American
HC03_MOE_VC08,Married-couple families  - Total; Margin of Error; RACE AND HISPANIC OR LATINO ORIGIN - Families with a householder who is-- - One race - Black or African American
HC04_EST_VC08,Married-couple families  - Percent below poverty level; Estimate; RACE AND HISPANIC OR LATINO ORIGIN - Families with a householder who is-- - One race - Black or African American
HC04_MOE_VC08,Married-couple families  - Percent below poverty level; Margin of Error; RACE AND HISPANIC OR LATINO ORIGIN - Families with a householder who is-- - One race - Black or African American
HC05_EST_VC08,"Female householder, no husband present  - Total; Estimate; RACE AND HISPANIC OR LATINO ORIGIN - Families with a householder who is-- - One race - Black or African American"
HC05_MOE_VC08,"Female householder, no husband present  - Total; Margin of Error; RACE AND HISPANIC OR LATINO ORIGIN - Families with a householder who is-- - One race - Black or African American"
HC06_EST_VC08,"Female householder, no husband present  - Percent below poverty level; Estimate; RACE AND HISPANIC OR LATINO ORIGIN - Families with a householder who is-- - One race - Black or African American"
HC06_MOE_VC08,"Female householder, no husband present  - Percent below poverty level; Margin of Error; RACE AND HISPANIC OR LATINO ORIGIN - Families with a householder who is-- - One race - Black or African American"
HC01_EST_VC09,All families  - Total; Estimate; RACE AND HISPANIC OR LATINO ORIGIN - Families with a householder who is-- - One race - American Indian and Alaska Native
HC01_MOE_VC09,All families  - Total; Margin of Error; RACE AND HISPANIC OR LATINO ORIGIN - Families with a householder who is-- - One race - American Indian and Alaska Native
HC02_EST_VC09,All families  - Percent below poverty level; Estimate; RACE AND HISPANIC OR LATINO ORIGIN - Families with a householder who is-- - One race - American Indian and Alaska Native
HC02_MOE_VC09,All families  - Percent below poverty level; Margin of Error; RACE AND HISPANIC OR LATINO ORIGIN - Families with a householder who is-- - One race - American Indian and Alaska Native
HC03_EST_VC09,Married-couple families  - Total; Estimate; RACE AND HISPANIC OR LATINO ORIGIN - Families with a householder who is-- - One race - American Indian and Alaska Native
HC03_MOE_VC09,Married-couple families  - Total; Margin of Error; RACE AND HISPANIC OR LATINO ORIGIN - Families with a householder who is-- - One race - American Indian and Alaska Native
HC04_EST_VC09,Married-couple families  - Percent below poverty level; Estimate; RACE AND HISPANIC OR LATINO ORIGIN - Families with a householder who is-- - One race - American Indian and Alaska Native
HC04_MOE_VC09,Married-couple families  - Percent below poverty level; Margin of Error; RACE AND HISPANIC OR LATINO ORIGIN - Families with a householder who is-- - One race - American Indian and Alaska Native
HC05_EST_VC09,"Female householder, no husband present  - Total; Estimate; RACE AND HISPANIC OR LATINO ORIGIN - Families with a householder who is-- - One race - American Indian and Alaska Native"
HC05_MOE_VC09,"Female householder, no husband present  - Total; Margin of Error; RACE AND HISPANIC OR LATINO ORIGIN - Families with a householder who is-- - One race - American Indian and Alaska Native"
HC06_EST_VC09,"Female householder, no husband present  - Percent below poverty level; Estimate; RACE AND HISPANIC OR LATINO ORIGIN - Families with a householder who is-- - One race - American Indian and Alaska Native"
HC06_MOE_VC09,"Female householder, no husband present  - Percent below poverty level; Margin of Error; RACE AND HISPANIC OR LATINO ORIGIN - Families with a householder who is-- - One race - American Indian and Alaska Native"
HC01_EST_VC10,All families  - Total; Estimate; RACE AND HISPANIC OR LATINO ORIGIN - Families with a householder who is-- - One race - Asian
HC01_MOE_VC10,All families  - Total; Margin of Error; RACE AND HISPANIC OR LATINO ORIGIN - Families with a householder who is-- - One race - Asian
HC02_EST_VC10,All families  - Percent below poverty level; Estimate; RACE AND HISPANIC OR LATINO ORIGIN - Families with a householder who is-- - One race - Asian
HC02_MOE_VC10,All families  - Percent below poverty level; Margin of Error; RACE AND HISPANIC OR LATINO ORIGIN - Families with a householder who is-- - One race - Asian
HC03_EST_VC10,Married-couple families  - Total; Estimate; RACE AND HISPANIC OR LATINO ORIGIN - Families with a householder who is-- - One race - Asian
HC03_MOE_VC10,Married-couple families  - Total; Margin of Error; RACE AND HISPANIC OR LATINO ORIGIN - Families with a householder who is-- - One race - Asian
HC04_EST_VC10,Married-couple families  - Percent below poverty level; Estimate; RACE AND HISPANIC OR LATINO ORIGIN - Families with a householder who is-- - One race - Asian
HC04_MOE_VC10,Married-couple families  - Percent below poverty level; Margin of Error; RACE AND HISPANIC OR LATINO ORIGIN - Families with a householder who is-- - One race - Asian
HC05_EST_VC10,"Female householder, no husband present  - Total; Estimate; RACE AND HISPANIC OR LATINO ORIGIN - Families with a householder who is-- - One race - Asian"
HC05_MOE_VC10,"Female householder, no husband present  - Total; Margin of Error; RACE AND HISPANIC OR LATINO ORIGIN - Families with a householder who is-- - One race - Asian"
HC06_EST_VC10,"Female householder, no husband present  - Percent below poverty level; Estimate; RACE AND HISPANIC OR LATINO ORIGIN - Families with a householder who is-- - One race - Asian"
HC06_MOE_VC10,"Female householder, no husband present  - Percent below poverty level; Margin of Error; RACE AND HISPANIC OR LATINO ORIGIN - Families with a householder who is-- - One race - Asian"
HC01_EST_VC11,All families  - Total; Estimate; RACE AND HISPANIC OR LATINO ORIGIN - Families with a householder who is-- - One race - Native Hawaiian and Other Pacific Islander
HC01_MOE_VC11,All families  - Total; Margin of Error; RACE AND HISPANIC OR LATINO ORIGIN - Families with a householder who is-- - One race - Native Hawaiian and Other Pacific Islander
HC02_EST_VC11,All families  - Percent below poverty level; Estimate; RACE AND HISPANIC OR LATINO ORIGIN - Families with a householder who is-- - One race - Native Hawaiian and Other Pacific Islander
HC02_MOE_VC11,All families  - Percent below poverty level; Margin of Error; RACE AND HISPANIC OR LATINO ORIGIN - Families with a householder who is-- - One race - Native Hawaiian and Other Pacific Islander
HC03_EST_VC11,Married-couple families  - Total; Estimate; RACE AND HISPANIC OR LATINO ORIGIN - Families with a householder who is-- - One race - Native Hawaiian and Other Pacific Islander
HC03_MOE_VC11,Married-couple families  - Total; Margin of Error; RACE AND HISPANIC OR LATINO ORIGIN - Families with a householder who is-- - One race - Native Hawaiian and Other Pacific Islander
HC04_EST_VC11,Married-couple families  - Percent below poverty level; Estimate; RACE AND HISPANIC OR LATINO ORIGIN - Families with a householder who is-- - One race - Native Hawaiian and Other Pacific Islander
HC04_MOE_VC11,Married-couple families  - Percent below poverty level; Margin of Error; RACE AND HISPANIC OR LATINO ORIGIN - Families with a householder who is-- - One race - Native Hawaiian and Other Pacific Islander
HC05_EST_VC11,"Female householder, no husband present  - Total; Estimate; RACE AND HISPANIC OR LATINO ORIGIN - Families with a householder who is-- - One race - Native Hawaiian and Other Pacific Islander"
HC05_MOE_VC11,"Female householder, no husband present  - Total; Margin of Error; RACE AND HISPANIC OR LATINO ORIGIN - Families with a householder who is-- - One race - Native Hawaiian and Other Pacific Islander"
HC06_EST_VC11,"Female householder, no husband present  - Percent below poverty level; Estimate; RACE AND HISPANIC OR LATINO ORIGIN - Families with a householder who is-- - One race - Native Hawaiian and Other Pacific Islander"
HC06_MOE_VC11,"Female householder, no husband present  - Percent below poverty level; Margin of Error; RACE AND HISPANIC OR LATINO ORIGIN - Families with a householder who is-- - One race - Native Hawaiian and Other Pacific Islander"
HC01_EST_VC12,All families  - Total; Estimate; RACE AND HISPANIC OR LATINO ORIGIN - Families with a householder who is-- - One race - Some other race
HC01_MOE_VC12,All families  - Total; Margin of Error; RACE AND HISPANIC OR LATINO ORIGIN - Families with a householder who is-- - One race - Some other race
HC02_EST_VC12,All families  - Percent below poverty level; Estimate; RACE AND HISPANIC OR LATINO ORIGIN - Families with a householder who is-- - One race - Some other race
HC02_MOE_VC12,All families  - Percent below poverty level; Margin of Error; RACE AND HISPANIC OR LATINO ORIGIN - Families with a householder who is-- - One race - Some other race
HC03_EST_VC12,Married-couple families  - Total; Estimate; RACE AND HISPANIC OR LATINO ORIGIN - Families with a householder who is-- - One race - Some other race
HC03_MOE_VC12,Married-couple families  - Total; Margin of Error; RACE AND HISPANIC OR LATINO ORIGIN - Families with a householder who is-- - One race - Some other race
HC04_EST_VC12,Married-couple families  - Percent below poverty level; Estimate; RACE AND HISPANIC OR LATINO ORIGIN - Families with a householder who is-- - One race - Some other race
HC04_MOE_VC12,Married-couple families  - Percent below poverty level; Margin of Error; RACE AND HISPANIC OR LATINO ORIGIN - Families with a householder who is-- - One race - Some other race
HC05_EST_VC12,"Female householder, no husband present  - Total; Estimate; RACE AND HISPANIC OR LATINO ORIGIN - Families with a householder who is-- - One race - Some other race"
HC05_MOE_VC12,"Female householder, no husband present  - Total; Margin of Error; RACE AND HISPANIC OR LATINO ORIGIN - Families with a householder who is-- - One race - Some other race"
HC06_EST_VC12,"Female householder, no husband present  - Percent below poverty level; Estimate; RACE AND HISPANIC OR LATINO ORIGIN - Families with a householder who is-- - One race - Some other race"
HC06_MOE_VC12,"Female householder, no husband present  - Percent below poverty level; Margin of Error; RACE AND HISPANIC OR LATINO ORIGIN - Families with a householder who is-- - One race - Some other race"
HC01_EST_VC13,All families  - Total; Estimate; RACE AND HISPANIC OR LATINO ORIGIN - Families with a householder who is-- - Two or more races
HC01_MOE_VC13,All families  - Total; Margin of Error; RACE AND HISPANIC OR LATINO ORIGIN - Families with a householder who is-- - Two or more races
HC02_EST_VC13,All families  - Percent below poverty level; Estimate; RACE AND HISPANIC OR LATINO ORIGIN - Families with a householder who is-- - Two or more races
HC02_MOE_VC13,All families  - Percent below poverty level; Margin of Error; RACE AND HISPANIC OR LATINO ORIGIN - Families with a householder who is-- - Two or more races
HC03_EST_VC13,Married-couple families  - Total; Estimate; RACE AND HISPANIC OR LATINO ORIGIN - Families with a householder who is-- - Two or more races
HC03_MOE_VC13,Married-couple families  - Total; Margin of Error; RACE AND HISPANIC OR LATINO ORIGIN - Families with a householder who is-- - Two or more races
HC04_EST_VC13,Married-couple families  - Percent below poverty level; Estimate; RACE AND HISPANIC OR LATINO ORIGIN - Families with a householder who is-- - Two or more races
HC04_MOE_VC13,Married-couple families  - Percent below poverty level; Margin of Error; RACE AND HISPANIC OR LATINO ORIGIN - Families with a householder who is-- - Two or more races
HC05_EST_VC13,"Female householder, no husband present  - Total; Estimate; RACE AND HISPANIC OR LATINO ORIGIN - Families with a householder who is-- - Two or more races"
HC05_MOE_VC13,"Female householder, no husband present  - Total; Margin of Error; RACE AND HISPANIC OR LATINO ORIGIN - Families with a householder who is-- - Two or more races"
HC06_EST_VC13,"Female householder, no husband present  - Percent below poverty level; Estimate; RACE AND HISPANIC OR LATINO ORIGIN - Families with a householder who is-- - Two or more races"
HC06_MOE_VC13,"Female householder, no husband present  - Percent below poverty level; Margin of Error; RACE AND HISPANIC OR LATINO ORIGIN - Families with a householder who is-- - Two or more races"
HC01_EST_VC15,All families  - Total; Estimate; Hispanic or Latino origin (of any race)
HC01_MOE_VC15,All families  - Total; Margin of Error; Hispanic or Latino origin (of any race)
HC02_EST_VC15,All families  - Percent below poverty level; Estimate; Hispanic or Latino origin (of any race)
HC02_MOE_VC15,All families  - Percent below poverty level; Margin of Error; Hispanic or Latino origin (of any race)
HC03_EST_VC15,Married-couple families  - Total; Estimate; Hispanic or Latino origin (of any race)
HC03_MOE_VC15,Married-couple families  - Total; Margin of Error; Hispanic or Latino origin (of any race)
HC04_EST_VC15,Married-couple families  - Percent below poverty level; Estimate; Hispanic or Latino origin (of any race)
HC04_MOE_VC15,Married-couple families  - Percent below poverty level; Margin of Error; Hispanic or Latino origin (of any race)
HC05_EST_VC15,"Female householder, no husband present  - Total; Estimate; Hispanic or Latino origin (of any race)"
HC05_MOE_VC15,"Female householder, no husband present  - Total; Margin of Error; Hispanic or Latino origin (of any race)"
HC06_EST_VC15,"Female householder, no husband present  - Percent below poverty level; Estimate; Hispanic or Latino origin (of any race)"
HC06_MOE_VC15,"Female householder, no husband present  - Percent below poverty level; Margin of Error; Hispanic or Latino origin (of any race)"
HC01_EST_VC16,"All families  - Total; Estimate; White alone, not Hispanic or Latino"
HC01_MOE_VC16,"All families  - Total; Margin of Error; White alone, not Hispanic or Latino"
HC02_EST_VC16,"All families  - Percent below poverty level; Estimate; White alone, not Hispanic or Latino"
HC02_MOE_VC16,"All families  - Percent below poverty level; Margin of Error; White alone, not Hispanic or Latino"
HC03_EST_VC16,"Married-couple families  - Total; Estimate; White alone, not Hispanic or Latino"
HC03_MOE_VC16,"Married-couple families  - Total; Margin of Error; White alone, not Hispanic or Latino"
HC04_EST_VC16,"Married-couple families  - Percent below poverty level; Estimate; White alone, not Hispanic or Latino"
HC04_MOE_VC16,"Married-couple families  - Percent below poverty level; Margin of Error; White alone, not Hispanic or Latino"
HC05_EST_VC16,"Female householder, no husband present  - Total; Estimate; White alone, not Hispanic or Latino"
HC05_MOE_VC16,"Female householder, no husband present  - Total; Margin of Error; White alone, not Hispanic or Latino"
HC06_EST_VC16,"Female householder, no husband present  - Percent below poverty level; Estimate; White alone, not Hispanic or Latino"
HC06_MOE_VC16,"Female householder, no husband present  - Percent below poverty level; Margin of Error; White alone, not Hispanic or Latino"
HC01_EST_VC18,All families  - Total; Estimate; Householder worked
HC01_MOE_VC18,All families  - Total; Margin of Error; Householder worked
HC02_EST_VC18,All families  - Percent below poverty level; Estimate; Householder worked
HC02_MOE_VC18,All families  - Percent below poverty level; Margin of Error; Householder worked
HC03_EST_VC18,Married-couple families  - Total; Estimate; Householder worked
HC03_MOE_VC18,Married-couple families  - Total; Margin of Error; Householder worked
HC04_EST_VC18,Married-couple families  - Percent below poverty level; Estimate; Householder worked
HC04_MOE_VC18,Married-couple families  - Percent below poverty level; Margin of Error; Householder worked
HC05_EST_VC18,"Female householder, no husband present  - Total; Estimate; Householder worked"
HC05_MOE_VC18,"Female householder, no husband present  - Total; Margin of Error; Householder worked"
HC06_EST_VC18,"Female householder, no husband present  - Percent below poverty level; Estimate; Householder worked"
HC06_MOE_VC18,"Female householder, no husband present  - Percent below poverty level; Margin of Error; Householder worked"
HC01_EST_VC19,"All families  - Total; Estimate; Householder worked - Householder worked full-time, year-round in the past 12 months"
HC01_MOE_VC19,"All families  - Total; Margin of Error; Householder worked - Householder worked full-time, year-round in the past 12 months"
HC02_EST_VC19,"All families  - Percent below poverty level; Estimate; Householder worked - Householder worked full-time, year-round in the past 12 months"
HC02_MOE_VC19,"All families  - Percent below poverty level; Margin of Error; Householder worked - Householder worked full-time, year-round in the past 12 months"
HC03_EST_VC19,"Married-couple families  - Total; Estimate; Householder worked - Householder worked full-time, year-round in the past 12 months"
HC03_MOE_VC19,"Married-couple families  - Total; Margin of Error; Householder worked - Householder worked full-time, year-round in the past 12 months"
HC04_EST_VC19,"Married-couple families  - Percent below poverty level; Estimate; Householder worked - Householder worked full-time, year-round in the past 12 months"
HC04_MOE_VC19,"Married-couple families  - Percent below poverty level; Margin of Error; Householder worked - Householder worked full-time, year-round in the past 12 months"
HC05_EST_VC19,"Female householder, no husband present  - Total; Estimate; Householder worked - Householder worked full-time, year-round in the past 12 months"
HC05_MOE_VC19,"Female householder, no husband present  - Total; Margin of Error; Householder worked - Householder worked full-time, year-round in the past 12 months"
HC06_EST_VC19,"Female householder, no husband present  - Percent below poverty level; Estimate; Householder worked - Householder worked full-time, year-round in the past 12 months"
HC06_MOE_VC19,"Female householder, no husband present  - Percent below poverty level; Margin of Error; Householder worked - Householder worked full-time, year-round in the past 12 months"
HC01_EST_VC21,All families  - Total; Estimate; Householder 65 years and over
HC01_MOE_VC21,All families  - Total; Margin of Error; Householder 65 years and over
HC02_EST_VC21,All families  - Percent below poverty level; Estimate; Householder 65 years and over
HC02_MOE_VC21,All families  - Percent below poverty level; Margin of Error; Householder 65 years and over
HC03_EST_VC21,Married-couple families  - Total; Estimate; Householder 65 years and over
HC03_MOE_VC21,Married-couple families  - Total; Margin of Error; Householder 65 years and over
HC04_EST_VC21,Married-couple families  - Percent below poverty level; Estimate; Householder 65 years and over
HC04_MOE_VC21,Married-couple families  - Percent below poverty level; Margin of Error; Householder 65 years and over
HC05_EST_VC21,"Female householder, no husband present  - Total; Estimate; Householder 65 years and over"
HC05_MOE_VC21,"Female householder, no husband present  - Total; Margin of Error; Householder 65 years and over"
HC06_EST_VC21,"Female householder, no husband present  - Percent below poverty level; Estimate; Householder 65 years and over"
HC06_MOE_VC21,"Female householder, no husband present  - Percent below poverty level; Margin of Error; Householder 65 years and over"
HC01_EST_VC23,All families  - Total; Estimate; Family received -- - Supplemental Security Income (SSI) and/or cash public assistance income in the past 12 months
HC01_MOE_VC23,All families  - Total; Margin of Error; Family received -- - Supplemental Security Income (SSI) and/or cash public assistance income in the past 12 months
HC02_EST_VC23,All families  - Percent below poverty level; Estimate; Family received -- - Supplemental Security Income (SSI) and/or cash public assistance income in the past 12 months
HC02_MOE_VC23,All families  - Percent below poverty level; Margin of Error; Family received -- - Supplemental Security Income (SSI) and/or cash public assistance income in the past 12 months
HC03_EST_VC23,Married-couple families  - Total; Estimate; Family received -- - Supplemental Security Income (SSI) and/or cash public assistance income in the past 12 months
HC03_MOE_VC23,Married-couple families  - Total; Margin of Error; Family received -- - Supplemental Security Income (SSI) and/or cash public assistance income in the past 12 months
HC04_EST_VC23,Married-couple families  - Percent below poverty level; Estimate; Family received -- - Supplemental Security Income (SSI) and/or cash public assistance income in the past 12 months
HC04_MOE_VC23,Married-couple families  - Percent below poverty level; Margin of Error; Family received -- - Supplemental Security Income (SSI) and/or cash public assistance income in the past 12 months
HC05_EST_VC23,"Female householder, no husband present  - Total; Estimate; Family received -- - Supplemental Security Income (SSI) and/or cash public assistance income in the past 12 months"
HC05_MOE_VC23,"Female householder, no husband present  - Total; Margin of Error; Family received -- - Supplemental Security Income (SSI) and/or cash public assistance income in the past 12 months"
HC06_EST_VC23,"Female householder, no husband present  - Percent below poverty level; Estimate; Family received -- - Supplemental Security Income (SSI) and/or cash public assistance income in the past 12 months"
HC06_MOE_VC23,"Female householder, no husband present  - Percent below poverty level; Margin of Error; Family received -- - Supplemental Security Income (SSI) and/or cash public assistance income in the past 12 months"
HC01_EST_VC24,All families  - Total; Estimate; Family received -- - Social security income in the past 12 months
HC01_MOE_VC24,All families  - Total; Margin of Error; Family received -- - Social security income in the past 12 months
HC02_EST_VC24,All families  - Percent below poverty level; Estimate; Family received -- - Social security income in the past 12 months
HC02_MOE_VC24,All families  - Percent below poverty level; Margin of Error; Family received -- - Social security income in the past 12 months
HC03_EST_VC24,Married-couple families  - Total; Estimate; Family received -- - Social security income in the past 12 months
HC03_MOE_VC24,Married-couple families  - Total; Margin of Error; Family received -- - Social security income in the past 12 months
HC04_EST_VC24,Married-couple families  - Percent below poverty level; Estimate; Family received -- - Social security income in the past 12 months
HC04_MOE_VC24,Married-couple families  - Percent below poverty level; Margin of Error; Family received -- - Social security income in the past 12 months
HC05_EST_VC24,"Female householder, no husband present  - Total; Estimate; Family received -- - Social security income in the past 12 months"
HC05_MOE_VC24,"Female householder, no husband present  - Total; Margin of Error; Family received -- - Social security income in the past 12 months"
HC06_EST_VC24,"Female householder, no husband present  - Percent below poverty level; Estimate; Family received -- - Social security income in the past 12 months"
HC06_MOE_VC24,"Female householder, no husband present  - Percent below poverty level; Margin of Error; Family received -- - Social security income in the past 12 months"
HC01_EST_VC27,All families  - Total; Estimate; EDUCATIONAL ATTAINMENT OF HOUSEHOLDER - Less than high school graduate
HC01_MOE_VC27,All families  - Total; Margin of Error; EDUCATIONAL ATTAINMENT OF HOUSEHOLDER - Less than high school graduate
HC02_EST_VC27,All families  - Percent below poverty level; Estimate; EDUCATIONAL ATTAINMENT OF HOUSEHOLDER - Less than high school graduate
HC02_MOE_VC27,All families  - Percent below poverty level; Margin of Error; EDUCATIONAL ATTAINMENT OF HOUSEHOLDER - Less than high school graduate
HC03_EST_VC27,Married-couple families  - Total; Estimate; EDUCATIONAL ATTAINMENT OF HOUSEHOLDER - Less than high school graduate
HC03_MOE_VC27,Married-couple families  - Total; Margin of Error; EDUCATIONAL ATTAINMENT OF HOUSEHOLDER - Less than high school graduate
HC04_EST_VC27,Married-couple families  - Percent below poverty level; Estimate; EDUCATIONAL ATTAINMENT OF HOUSEHOLDER - Less than high school graduate
HC04_MOE_VC27,Married-couple families  - Percent below poverty level; Margin of Error; EDUCATIONAL ATTAINMENT OF HOUSEHOLDER - Less than high school graduate
HC05_EST_VC27,"Female householder, no husband present  - Total; Estimate; EDUCATIONAL ATTAINMENT OF HOUSEHOLDER - Less than high school graduate"
HC05_MOE_VC27,"Female householder, no husband present  - Total; Margin of Error; EDUCATIONAL ATTAINMENT OF HOUSEHOLDER - Less than high school graduate"
HC06_EST_VC27,"Female householder, no husband present  - Percent below poverty level; Estimate; EDUCATIONAL ATTAINMENT OF HOUSEHOLDER - Less than high school graduate"
HC06_MOE_VC27,"Female householder, no husband present  - Percent below poverty level; Margin of Error; EDUCATIONAL ATTAINMENT OF HOUSEHOLDER - Less than high school graduate"
HC01_EST_VC28,All families  - Total; Estimate; EDUCATIONAL ATTAINMENT OF HOUSEHOLDER - High school graduate (includes equivalency)
HC01_MOE_VC28,All families  - Total; Margin of Error; EDUCATIONAL ATTAINMENT OF HOUSEHOLDER - High school graduate (includes equivalency)
HC02_EST_VC28,All families  - Percent below poverty level; Estimate; EDUCATIONAL ATTAINMENT OF HOUSEHOLDER - High school graduate (includes equivalency)
HC02_MOE_VC28,All families  - Percent below poverty level; Margin of Error; EDUCATIONAL ATTAINMENT OF HOUSEHOLDER - High school graduate (includes equivalency)
HC03_EST_VC28,Married-couple families  - Total; Estimate; EDUCATIONAL ATTAINMENT OF HOUSEHOLDER - High school graduate (includes equivalency)
HC03_MOE_VC28,Married-couple families  - Total; Margin of Error; EDUCATIONAL ATTAINMENT OF HOUSEHOLDER - High school graduate (includes equivalency)
HC04_EST_VC28,Married-couple families  - Percent below poverty level; Estimate; EDUCATIONAL ATTAINMENT OF HOUSEHOLDER - High school graduate (includes equivalency)
HC04_MOE_VC28,Married-couple families  - Percent below poverty level; Margin of Error; EDUCATIONAL ATTAINMENT OF HOUSEHOLDER - High school graduate (includes equivalency)
HC05_EST_VC28,"Female householder, no husband present  - Total; Estimate; EDUCATIONAL ATTAINMENT OF HOUSEHOLDER - High school graduate (includes equivalency)"
HC05_MOE_VC28,"Female householder, no husband present  - Total; Margin of Error; EDUCATIONAL ATTAINMENT OF HOUSEHOLDER - High school graduate (includes equivalency)"
HC06_EST_VC28,"Female householder, no husband present  - Percent below poverty level; Estimate; EDUCATIONAL ATTAINMENT OF HOUSEHOLDER - High school graduate (includes equivalency)"
HC06_MOE_VC28,"Female householder, no husband present  - Percent below poverty level; Margin of Error; EDUCATIONAL ATTAINMENT OF HOUSEHOLDER - High school graduate (includes equivalency)"
HC01_EST_VC29,"All families  - Total; Estimate; EDUCATIONAL ATTAINMENT OF HOUSEHOLDER - Some college, associate's degree"
HC01_MOE_VC29,"All families  - Total; Margin of Error; EDUCATIONAL ATTAINMENT OF HOUSEHOLDER - Some college, associate's degree"
HC02_EST_VC29,"All families  - Percent below poverty level; Estimate; EDUCATIONAL ATTAINMENT OF HOUSEHOLDER - Some college, associate's degree"
HC02_MOE_VC29,"All families  - Percent below poverty level; Margin of Error; EDUCATIONAL ATTAINMENT OF HOUSEHOLDER - Some college, associate's degree"
HC03_EST_VC29,"Married-couple families  - Total; Estimate; EDUCATIONAL ATTAINMENT OF HOUSEHOLDER - Some college, associate's degree"
HC03_MOE_VC29,"Married-couple families  - Total; Margin of Error; EDUCATIONAL ATTAINMENT OF HOUSEHOLDER - Some college, associate's degree"
HC04_EST_VC29,"Married-couple families  - Percent below poverty level; Estimate; EDUCATIONAL ATTAINMENT OF HOUSEHOLDER - Some college, associate's degree"
HC04_MOE_VC29,"Married-couple families  - Percent below poverty level; Margin of Error; EDUCATIONAL ATTAINMENT OF HOUSEHOLDER - Some college, associate's degree"
HC05_EST_VC29,"Female householder, no husband present  - Total; Estimate; EDUCATIONAL ATTAINMENT OF HOUSEHOLDER - Some college, associate's degree"
HC05_MOE_VC29,"Female householder, no husband present  - Total; Margin of Error; EDUCATIONAL ATTAINMENT OF HOUSEHOLDER - Some college, associate's degree"
HC06_EST_VC29,"Female householder, no husband present  - Percent below poverty level; Estimate; EDUCATIONAL ATTAINMENT OF HOUSEHOLDER - Some college, associate's degree"
HC06_MOE_VC29,"Female householder, no husband present  - Percent below poverty level; Margin of Error; EDUCATIONAL ATTAINMENT OF HOUSEHOLDER - Some college, associate's degree"
HC01_EST_VC30,All families  - Total; Estimate; EDUCATIONAL ATTAINMENT OF HOUSEHOLDER - Bachelor's degree or higher
HC01_MOE_VC30,All families  - Total; Margin of Error; EDUCATIONAL ATTAINMENT OF HOUSEHOLDER - Bachelor's degree or higher
HC02_EST_VC30,All families  - Percent below poverty level; Estimate; EDUCATIONAL ATTAINMENT OF HOUSEHOLDER - Bachelor's degree or higher
HC02_MOE_VC30,All families  - Percent below poverty level; Margin of Error; EDUCATIONAL ATTAINMENT OF HOUSEHOLDER - Bachelor's degree or higher
HC03_EST_VC30,Married-couple families  - Total; Estimate; EDUCATIONAL ATTAINMENT OF HOUSEHOLDER - Bachelor's degree or higher
HC03_MOE_VC30,Married-couple families  - Total; Margin of Error; EDUCATIONAL ATTAINMENT OF HOUSEHOLDER - Bachelor's degree or higher
HC04_EST_VC30,Married-couple families  - Percent below poverty level; Estimate; EDUCATIONAL ATTAINMENT OF HOUSEHOLDER - Bachelor's degree or higher
HC04_MOE_VC30,Married-couple families  - Percent below poverty level; Margin of Error; EDUCATIONAL ATTAINMENT OF HOUSEHOLDER - Bachelor's degree or higher
HC05_EST_VC30,"Female householder, no husband present  - Total; Estimate; EDUCATIONAL ATTAINMENT OF HOUSEHOLDER - Bachelor's degree or higher"
HC05_MOE_VC30,"Female householder, no husband present  - Total; Margin of Error; EDUCATIONAL ATTAINMENT OF HOUSEHOLDER - Bachelor's degree or higher"
HC06_EST_VC30,"Female householder, no husband present  - Percent below poverty level; Estimate; EDUCATIONAL ATTAINMENT OF HOUSEHOLDER - Bachelor's degree or higher"
HC06_MOE_VC30,"Female householder, no husband present  - Percent below poverty level; Margin of Error; EDUCATIONAL ATTAINMENT OF HOUSEHOLDER - Bachelor's degree or higher"
HC01_EST_VC33,All families  - Total; Estimate; NUMBER OF RELATED CHILDREN UNDER 18 YEARS - No child
HC01_MOE_VC33,All families  - Total; Margin of Error; NUMBER OF RELATED CHILDREN UNDER 18 YEARS - No child
HC02_EST_VC33,All families  - Percent below poverty level; Estimate; NUMBER OF RELATED CHILDREN UNDER 18 YEARS - No child
HC02_MOE_VC33,All families  - Percent below poverty level; Margin of Error; NUMBER OF RELATED CHILDREN UNDER 18 YEARS - No child
HC03_EST_VC33,Married-couple families  - Total; Estimate; NUMBER OF RELATED CHILDREN UNDER 18 YEARS - No child
HC03_MOE_VC33,Married-couple families  - Total; Margin of Error; NUMBER OF RELATED CHILDREN UNDER 18 YEARS - No child
HC04_EST_VC33,Married-couple families  - Percent below poverty level; Estimate; NUMBER OF RELATED CHILDREN UNDER 18 YEARS - No child
HC04_MOE_VC33,Married-couple families  - Percent below poverty level; Margin of Error; NUMBER OF RELATED CHILDREN UNDER 18 YEARS - No child
HC05_EST_VC33,"Female householder, no husband present  - Total; Estimate; NUMBER OF RELATED CHILDREN UNDER 18 YEARS - No child"
HC05_MOE_VC33,"Female householder, no husband present  - Total; Margin of Error; NUMBER OF RELATED CHILDREN UNDER 18 YEARS - No child"
HC06_EST_VC33,"Female householder, no husband present  - Percent below poverty level; Estimate; NUMBER OF RELATED CHILDREN UNDER 18 YEARS - No child"
HC06_MOE_VC33,"Female householder, no husband present  - Percent below poverty level; Margin of Error; NUMBER OF RELATED CHILDREN UNDER 18 YEARS - No child"
HC01_EST_VC34,All families  - Total; Estimate; NUMBER OF RELATED CHILDREN UNDER 18 YEARS - 1 or 2 children
HC01_MOE_VC34,All families  - Total; Margin of Error; NUMBER OF RELATED CHILDREN UNDER 18 YEARS - 1 or 2 children
HC02_EST_VC34,All families  - Percent below poverty level; Estimate; NUMBER OF RELATED CHILDREN UNDER 18 YEARS - 1 or 2 children
HC02_MOE_VC34,All families  - Percent below poverty level; Margin of Error; NUMBER OF RELATED CHILDREN UNDER 18 YEARS - 1 or 2 children
HC03_EST_VC34,Married-couple families  - Total; Estimate; NUMBER OF RELATED CHILDREN UNDER 18 YEARS - 1 or 2 children
HC03_MOE_VC34,Married-couple families  - Total; Margin of Error; NUMBER OF RELATED CHILDREN UNDER 18 YEARS - 1 or 2 children
HC04_EST_VC34,Married-couple families  - Percent below poverty level; Estimate; NUMBER OF RELATED CHILDREN UNDER 18 YEARS - 1 or 2 children
HC04_MOE_VC34,Married-couple families  - Percent below poverty level; Margin of Error; NUMBER OF RELATED CHILDREN UNDER 18 YEARS - 1 or 2 children
HC05_EST_VC34,"Female householder, no husband present  - Total; Estimate; NUMBER OF RELATED CHILDREN UNDER 18 YEARS - 1 or 2 children"
HC05_MOE_VC34,"Female householder, no husband present  - Total; Margin of Error; NUMBER OF RELATED CHILDREN UNDER 18 YEARS - 1 or 2 children"
HC06_EST_VC34,"Female householder, no husband present  - Percent below poverty level; Estimate; NUMBER OF RELATED CHILDREN UNDER 18 YEARS - 1 or 2 children"
HC06_MOE_VC34,"Female householder, no husband present  - Percent below poverty level; Margin of Error; NUMBER OF RELATED CHILDREN UNDER 18 YEARS - 1 or 2 children"
HC01_EST_VC35,All families  - Total; Estimate; NUMBER OF RELATED CHILDREN UNDER 18 YEARS - 3 or 4 children
HC01_MOE_VC35,All families  - Total; Margin of Error; NUMBER OF RELATED CHILDREN UNDER 18 YEARS - 3 or 4 children
HC02_EST_VC35,All families  - Percent below poverty level; Estimate; NUMBER OF RELATED CHILDREN UNDER 18 YEARS - 3 or 4 children
HC02_MOE_VC35,All families  - Percent below poverty level; Margin of Error; NUMBER OF RELATED CHILDREN UNDER 18 YEARS - 3 or 4 children
HC03_EST_VC35,Married-couple families  - Total; Estimate; NUMBER OF RELATED CHILDREN UNDER 18 YEARS - 3 or 4 children
HC03_MOE_VC35,Married-couple families  - Total; Margin of Error; NUMBER OF RELATED CHILDREN UNDER 18 YEARS - 3 or 4 children
HC04_EST_VC35,Married-couple families  - Percent below poverty level; Estimate; NUMBER OF RELATED CHILDREN UNDER 18 YEARS - 3 or 4 children
HC04_MOE_VC35,Married-couple families  - Percent below poverty level; Margin of Error; NUMBER OF RELATED CHILDREN UNDER 18 YEARS - 3 or 4 children
HC05_EST_VC35,"Female householder, no husband present  - Total; Estimate; NUMBER OF RELATED CHILDREN UNDER 18 YEARS - 3 or 4 children"
HC05_MOE_VC35,"Female householder, no husband present  - Total; Margin of Error; NUMBER OF RELATED CHILDREN UNDER 18 YEARS - 3 or 4 children"
HC06_EST_VC35,"Female householder, no husband present  - Percent below poverty level; Estimate; NUMBER OF RELATED CHILDREN UNDER 18 YEARS - 3 or 4 children"
HC06_MOE_VC35,"Female householder, no husband present  - Percent below poverty level; Margin of Error; NUMBER OF RELATED CHILDREN UNDER 18 YEARS - 3 or 4 children"
HC01_EST_VC36,All families  - Total; Estimate; NUMBER OF RELATED CHILDREN UNDER 18 YEARS - 5 or more children
HC01_MOE_VC36,All families  - Total; Margin of Error; NUMBER OF RELATED CHILDREN UNDER 18 YEARS - 5 or more children
HC02_EST_VC36,All families  - Percent below poverty level; Estimate; NUMBER OF RELATED CHILDREN UNDER 18 YEARS - 5 or more children
HC02_MOE_VC36,All families  - Percent below poverty level; Margin of Error; NUMBER OF RELATED CHILDREN UNDER 18 YEARS - 5 or more children
HC03_EST_VC36,Married-couple families  - Total; Estimate; NUMBER OF RELATED CHILDREN UNDER 18 YEARS - 5 or more children
HC03_MOE_VC36,Married-couple families  - Total; Margin of Error; NUMBER OF RELATED CHILDREN UNDER 18 YEARS - 5 or more children
HC04_EST_VC36,Married-couple families  - Percent below poverty level; Estimate; NUMBER OF RELATED CHILDREN UNDER 18 YEARS - 5 or more children
HC04_MOE_VC36,Married-couple families  - Percent below poverty level; Margin of Error; NUMBER OF RELATED CHILDREN UNDER 18 YEARS - 5 or more children
HC05_EST_VC36,"Female householder, no husband present  - Total; Estimate; NUMBER OF RELATED CHILDREN UNDER 18 YEARS - 5 or more children"
HC05_MOE_VC36,"Female householder, no husband present  - Total; Margin of Error; NUMBER OF RELATED CHILDREN UNDER 18 YEARS - 5 or more children"
HC06_EST_VC36,"Female householder, no husband present  - Percent below poverty level; Estimate; NUMBER OF RELATED CHILDREN UNDER 18 YEARS - 5 or more children"
HC06_MOE_VC36,"Female householder, no husband present  - Percent below poverty level; Margin of Error; NUMBER OF RELATED CHILDREN UNDER 18 YEARS - 5 or more children"
HC01_EST_VC39,All families  - Total; Estimate; NUMBER OF PEOPLE IN FAMILY - 2 people
HC01_MOE_VC39,All families  - Total; Margin of Error; NUMBER OF PEOPLE IN FAMILY - 2 people
HC02_EST_VC39,All families  - Percent below poverty level; Estimate; NUMBER OF PEOPLE IN FAMILY - 2 people
HC02_MOE_VC39,All families  - Percent below poverty level; Margin of Error; NUMBER OF PEOPLE IN FAMILY - 2 people
HC03_EST_VC39,Married-couple families  - Total; Estimate; NUMBER OF PEOPLE IN FAMILY - 2 people
HC03_MOE_VC39,Married-couple families  - Total; Margin of Error; NUMBER OF PEOPLE IN FAMILY - 2 people
HC04_EST_VC39,Married-couple families  - Percent below poverty level; Estimate; NUMBER OF PEOPLE IN FAMILY - 2 people
HC04_MOE_VC39,Married-couple families  - Percent below poverty level; Margin of Error; NUMBER OF PEOPLE IN FAMILY - 2 people
HC05_EST_VC39,"Female householder, no husband present  - Total; Estimate; NUMBER OF PEOPLE IN FAMILY - 2 people"
HC05_MOE_VC39,"Female householder, no husband present  - Total; Margin of Error; NUMBER OF PEOPLE IN FAMILY - 2 people"
HC06_EST_VC39,"Female householder, no husband present  - Percent below poverty level; Estimate; NUMBER OF PEOPLE IN FAMILY - 2 people"
HC06_MOE_VC39,"Female householder, no husband present  - Percent below poverty level; Margin of Error; NUMBER OF PEOPLE IN FAMILY - 2 people"
HC01_EST_VC40,All families  - Total; Estimate; NUMBER OF PEOPLE IN FAMILY - 3 or 4 people
HC01_MOE_VC40,All families  - Total; Margin of Error; NUMBER OF PEOPLE IN FAMILY - 3 or 4 people
HC02_EST_VC40,All families  - Percent below poverty level; Estimate; NUMBER OF PEOPLE IN FAMILY - 3 or 4 people
HC02_MOE_VC40,All families  - Percent below poverty level; Margin of Error; NUMBER OF PEOPLE IN FAMILY - 3 or 4 people
HC03_EST_VC40,Married-couple families  - Total; Estimate; NUMBER OF PEOPLE IN FAMILY - 3 or 4 people
HC03_MOE_VC40,Married-couple families  - Total; Margin of Error; NUMBER OF PEOPLE IN FAMILY - 3 or 4 people
HC04_EST_VC40,Married-couple families  - Percent below poverty level; Estimate; NUMBER OF PEOPLE IN FAMILY - 3 or 4 people
HC04_MOE_VC40,Married-couple families  - Percent below poverty level; Margin of Error; NUMBER OF PEOPLE IN FAMILY - 3 or 4 people
HC05_EST_VC40,"Female householder, no husband present  - Total; Estimate; NUMBER OF PEOPLE IN FAMILY - 3 or 4 people"
HC05_MOE_VC40,"Female householder, no husband present  - Total; Margin of Error; NUMBER OF PEOPLE IN FAMILY - 3 or 4 people"
HC06_EST_VC40,"Female householder, no husband present  - Percent below poverty level; Estimate; NUMBER OF PEOPLE IN FAMILY - 3 or 4 people"
HC06_MOE_VC40,"Female householder, no husband present  - Percent below poverty level; Margin of Error; NUMBER OF PEOPLE IN FAMILY - 3 or 4 people"
HC01_EST_VC41,All families  - Total; Estimate; NUMBER OF PEOPLE IN FAMILY - 5 or 6 people
HC01_MOE_VC41,All families  - Total; Margin of Error; NUMBER OF PEOPLE IN FAMILY - 5 or 6 people
HC02_EST_VC41,All families  - Percent below poverty level; Estimate; NUMBER OF PEOPLE IN FAMILY - 5 or 6 people
HC02_MOE_VC41,All families  - Percent below poverty level; Margin of Error; NUMBER OF PEOPLE IN FAMILY - 5 or 6 people
HC03_EST_VC41,Married-couple families  - Total; Estimate; NUMBER OF PEOPLE IN FAMILY - 5 or 6 people
HC03_MOE_VC41,Married-couple families  - Total; Margin of Error; NUMBER OF PEOPLE IN FAMILY - 5 or 6 people
HC04_EST_VC41,Married-couple families  - Percent below poverty level; Estimate; NUMBER OF PEOPLE IN FAMILY - 5 or 6 people
HC04_MOE_VC41,Married-couple families  - Percent below poverty level; Margin of Error; NUMBER OF PEOPLE IN FAMILY - 5 or 6 people
HC05_EST_VC41,"Female householder, no husband present  - Total; Estimate; NUMBER OF PEOPLE IN FAMILY - 5 or 6 people"
HC05_MOE_VC41,"Female householder, no husband present  - Total; Margin of Error; NUMBER OF PEOPLE IN FAMILY - 5 or 6 people"
HC06_EST_VC41,"Female householder, no husband present  - Percent below poverty level; Estimate; NUMBER OF PEOPLE IN FAMILY - 5 or 6 people"
HC06_MOE_VC41,"Female householder, no husband present  - Percent below poverty level; Margin of Error; NUMBER OF PEOPLE IN FAMILY - 5 or 6 people"
HC01_EST_VC42,All families  - Total; Estimate; NUMBER OF PEOPLE IN FAMILY - 7 or more people
HC01_MOE_VC42,All families  - Total; Margin of Error; NUMBER OF PEOPLE IN FAMILY - 7 or more people
HC02_EST_VC42,All families  - Percent below poverty level; Estimate; NUMBER OF PEOPLE IN FAMILY - 7 or more people
HC02_MOE_VC42,All families  - Percent below poverty level; Margin of Error; NUMBER OF PEOPLE IN FAMILY - 7 or more people
HC03_EST_VC42,Married-couple families  - Total; Estimate; NUMBER OF PEOPLE IN FAMILY - 7 or more people
HC03_MOE_VC42,Married-couple families  - Total; Margin of Error; NUMBER OF PEOPLE IN FAMILY - 7 or more people
HC04_EST_VC42,Married-couple families  - Percent below poverty level; Estimate; NUMBER OF PEOPLE IN FAMILY - 7 or more people
HC04_MOE_VC42,Married-couple families  - Percent below poverty level; Margin of Error; NUMBER OF PEOPLE IN FAMILY - 7 or more people
HC05_EST_VC42,"Female householder, no husband present  - Total; Estimate; NUMBER OF PEOPLE IN FAMILY - 7 or more people"
HC05_MOE_VC42,"Female householder, no husband present  - Total; Margin of Error; NUMBER OF PEOPLE IN FAMILY - 7 or more people"
HC06_EST_VC42,"Female householder, no husband present  - Percent below poverty level; Estimate; NUMBER OF PEOPLE IN FAMILY - 7 or more people"
HC06_MOE_VC42,"Female householder, no husband present  - Percent below poverty level; Margin of Error; NUMBER OF PEOPLE IN FAMILY - 7 or more people"
HC01_EST_VC45,All families  - Total; Estimate; NUMBER OF WORKERS IN FAMILY - No workers
HC01_MOE_VC45,All families  - Total; Margin of Error; NUMBER OF WORKERS IN FAMILY - No workers
HC02_EST_VC45,All families  - Percent below poverty level; Estimate; NUMBER OF WORKERS IN FAMILY - No workers
HC02_MOE_VC45,All families  - Percent below poverty level; Margin of Error; NUMBER OF WORKERS IN FAMILY - No workers
HC03_EST_VC45,Married-couple families  - Total; Estimate; NUMBER OF WORKERS IN FAMILY - No workers
HC03_MOE_VC45,Married-couple families  - Total; Margin of Error; NUMBER OF WORKERS IN FAMILY - No workers
HC04_EST_VC45,Married-couple families  - Percent below poverty level; Estimate; NUMBER OF WORKERS IN FAMILY - No workers
HC04_MOE_VC45,Married-couple families  - Percent below poverty level; Margin of Error; NUMBER OF WORKERS IN FAMILY - No workers
HC05_EST_VC45,"Female householder, no husband present  - Total; Estimate; NUMBER OF WORKERS IN FAMILY - No workers"
HC05_MOE_VC45,"Female householder, no husband present  - Total; Margin of Error; NUMBER OF WORKERS IN FAMILY - No workers"
HC06_EST_VC45,"Female householder, no husband present  - Percent below poverty level; Estimate; NUMBER OF WORKERS IN FAMILY - No workers"
HC06_MOE_VC45,"Female householder, no husband present  - Percent below poverty level; Margin of Error; NUMBER OF WORKERS IN FAMILY - No workers"
HC01_EST_VC46,All families  - Total; Estimate; NUMBER OF WORKERS IN FAMILY - 1 worker
HC01_MOE_VC46,All families  - Total; Margin of Error; NUMBER OF WORKERS IN FAMILY - 1 worker
HC02_EST_VC46,All families  - Percent below poverty level; Estimate; NUMBER OF WORKERS IN FAMILY - 1 worker
HC02_MOE_VC46,All families  - Percent below poverty level; Margin of Error; NUMBER OF WORKERS IN FAMILY - 1 worker
HC03_EST_VC46,Married-couple families  - Total; Estimate; NUMBER OF WORKERS IN FAMILY - 1 worker
HC03_MOE_VC46,Married-couple families  - Total; Margin of Error; NUMBER OF WORKERS IN FAMILY - 1 worker
HC04_EST_VC46,Married-couple families  - Percent below poverty level; Estimate; NUMBER OF WORKERS IN FAMILY - 1 worker
HC04_MOE_VC46,Married-couple families  - Percent below poverty level; Margin of Error; NUMBER OF WORKERS IN FAMILY - 1 worker
HC05_EST_VC46,"Female householder, no husband present  - Total; Estimate; NUMBER OF WORKERS IN FAMILY - 1 worker"
HC05_MOE_VC46,"Female householder, no husband present  - Total; Margin of Error; NUMBER OF WORKERS IN FAMILY - 1 worker"
HC06_EST_VC46,"Female householder, no husband present  - Percent below poverty level; Estimate; NUMBER OF WORKERS IN FAMILY - 1 worker"
HC06_MOE_VC46,"Female householder, no husband present  - Percent below poverty level; Margin of Error; NUMBER OF WORKERS IN FAMILY - 1 worker"
HC01_EST_VC47,All families  - Total; Estimate; NUMBER OF WORKERS IN FAMILY - 2 workers
HC01_MOE_VC47,All families  - Total; Margin of Error; NUMBER OF WORKERS IN FAMILY - 2 workers
HC02_EST_VC47,All families  - Percent below poverty level; Estimate; NUMBER OF WORKERS IN FAMILY - 2 workers
HC02_MOE_VC47,All families  - Percent below poverty level; Margin of Error; NUMBER OF WORKERS IN FAMILY - 2 workers
HC03_EST_VC47,Married-couple families  - Total; Estimate; NUMBER OF WORKERS IN FAMILY - 2 workers
HC03_MOE_VC47,Married-couple families  - Total; Margin of Error; NUMBER OF WORKERS IN FAMILY - 2 workers
HC04_EST_VC47,Married-couple families  - Percent below poverty level; Estimate; NUMBER OF WORKERS IN FAMILY - 2 workers
HC04_MOE_VC47,Married-couple families  - Percent below poverty level; Margin of Error; NUMBER OF WORKERS IN FAMILY - 2 workers
HC05_EST_VC47,"Female householder, no husband present  - Total; Estimate; NUMBER OF WORKERS IN FAMILY - 2 workers"
HC05_MOE_VC47,"Female householder, no husband present  - Total; Margin of Error; NUMBER OF WORKERS IN FAMILY - 2 workers"
HC06_EST_VC47,"Female householder, no husband present  - Percent below poverty level; Estimate; NUMBER OF WORKERS IN FAMILY - 2 workers"
HC06_MOE_VC47,"Female householder, no husband present  - Percent below poverty level; Margin of Error; NUMBER OF WORKERS IN FAMILY - 2 workers"
HC01_EST_VC48,All families  - Total; Estimate; NUMBER OF WORKERS IN FAMILY - 3 or more workers
HC01_MOE_VC48,All families  - Total; Margin of Error; NUMBER OF WORKERS IN FAMILY - 3 or more workers
HC02_EST_VC48,All families  - Percent below poverty level; Estimate; NUMBER OF WORKERS IN FAMILY - 3 or more workers
HC02_MOE_VC48,All families  - Percent below poverty level; Margin of Error; NUMBER OF WORKERS IN FAMILY - 3 or more workers
HC03_EST_VC48,Married-couple families  - Total; Estimate; NUMBER OF WORKERS IN FAMILY - 3 or more workers
HC03_MOE_VC48,Married-couple families  - Total; Margin of Error; NUMBER OF WORKERS IN FAMILY - 3 or more workers
HC04_EST_VC48,Married-couple families  - Percent below poverty level; Estimate; NUMBER OF WORKERS IN FAMILY - 3 or more workers
HC04_MOE_VC48,Married-couple families  - Percent below poverty level; Margin of Error; NUMBER OF WORKERS IN FAMILY - 3 or more workers
HC05_EST_VC48,"Female householder, no husband present  - Total; Estimate; NUMBER OF WORKERS IN FAMILY - 3 or more workers"
HC05_MOE_VC48,"Female householder, no husband present  - Total; Margin of Error; NUMBER OF WORKERS IN FAMILY - 3 or more workers"
HC06_EST_VC48,"Female householder, no husband present  - Percent below poverty level; Estimate; NUMBER OF WORKERS IN FAMILY - 3 or more workers"
HC06_MOE_VC48,"Female householder, no husband present  - Percent below poverty level; Margin of Error; NUMBER OF WORKERS IN FAMILY - 3 or more workers"
HC01_EST_VC51,All families  - Total; Estimate; INCOME DEFICIT - Mean income deficit for families (dollars)
HC01_MOE_VC51,All families  - Total; Margin of Error; INCOME DEFICIT - Mean income deficit for families (dollars)
HC02_EST_VC51,All families  - Percent below poverty level; Estimate; INCOME DEFICIT - Mean income deficit for families (dollars)
HC02_MOE_VC51,All families  - Percent below poverty level; Margin of Error; INCOME DEFICIT - Mean income deficit for families (dollars)
HC03_EST_VC51,Married-couple families  - Total; Estimate; INCOME DEFICIT - Mean income deficit for families (dollars)
HC03_MOE_VC51,Married-couple families  - Total; Margin of Error; INCOME DEFICIT - Mean income deficit for families (dollars)
HC04_EST_VC51,Married-couple families  - Percent below poverty level; Estimate; INCOME DEFICIT - Mean income deficit for families (dollars)
HC04_MOE_VC51,Married-couple families  - Percent below poverty level; Margin of Error; INCOME DEFICIT - Mean income deficit for families (dollars)
HC05_EST_VC51,"Female householder, no husband present  - Total; Estimate; INCOME DEFICIT - Mean income deficit for families (dollars)"
HC05_MOE_VC51,"Female householder, no husband present  - Total; Margin of Error; INCOME DEFICIT - Mean income deficit for families (dollars)"
HC06_EST_VC51,"Female householder, no husband present  - Percent below poverty level; Estimate; INCOME DEFICIT - Mean income deficit for families (dollars)"
HC06_MOE_VC51,"Female householder, no husband present  - Percent below poverty level; Margin of Error; INCOME DEFICIT - Mean income deficit for families (dollars)"
HC01_EST_VC54,All families  - Total; Estimate; PERCENT IMPUTED - Poverty status for families
HC01_MOE_VC54,All families  - Total; Margin of Error; PERCENT IMPUTED - Poverty status for families
HC02_EST_VC54,All families  - Percent below poverty level; Estimate; PERCENT IMPUTED - Poverty status for families
HC02_MOE_VC54,All families  - Percent below poverty level; Margin of Error; PERCENT IMPUTED - Poverty status for families
HC03_EST_VC54,Married-couple families  - Total; Estimate; PERCENT IMPUTED - Poverty status for families
HC03_MOE_VC54,Married-couple families  - Total; Margin of Error; PERCENT IMPUTED - Poverty status for families
HC04_EST_VC54,Married-couple families  - Percent below poverty level; Estimate; PERCENT IMPUTED - Poverty status for families
HC04_MOE_VC54,Married-couple families  - Percent below poverty level; Margin of Error; PERCENT IMPUTED - Poverty status for families
HC05_EST_VC54,"Female householder, no husband present  - Total; Estimate; PERCENT IMPUTED - Poverty status for families"
HC05_MOE_VC54,"Female householder, no husband present  - Total; Margin of Error; PERCENT IMPUTED - Poverty status for families"
HC06_EST_VC54,"Female householder, no husband present  - Percent below poverty level; Estimate; PERCENT IMPUTED - Poverty status for families"
HC06_MOE_VC54,"Female householder, no husband present  - Percent below poverty level; Margin of Error; PERCENT IMPUTED - Poverty status for families"
