GEO.id,GEO.id2,GEO.display-label,HD01_VD01,HD02_VD01,HD01_VD02,HD02_VD02,HD01_VD03,HD02_VD03,HD01_VD04,HD02_VD04,HD01_VD05,HD02_VD05,HD01_VD06,HD02_VD06,HD01_VD07,HD02_VD07
Id,Id2,Geography,Estimate; Total:,Margin of Error; Total:,Estimate; Household received Food Stamps/SNAP in the past 12 months:,Margin of Error; Household received Food Stamps/SNAP in the past 12 months:,Estimate; Household received Food Stamps/SNAP in the past 12 months: - Income in the past 12 months below poverty level,Margin of Error; Household received Food Stamps/SNAP in the past 12 months: - Income in the past 12 months below poverty level,Estimate; Household received Food Stamps/SNAP in the past 12 months: - Income in the past 12 months at or above poverty level,Margin of Error; Household received Food Stamps/SNAP in the past 12 months: - Income in the past 12 months at or above poverty level,Estimate; Household did not receive Food Stamps/SNAP in the past 12 months:,Margin of Error; Household did not receive Food Stamps/SNAP in the past 12 months:,Estimate; Household did not receive Food Stamps/SNAP in the past 12 months: - Income in the past 12 months below poverty level,Margin of Error; Household did not receive Food Stamps/SNAP in the past 12 months: - Income in the past 12 months below poverty level,Estimate; Household did not receive Food Stamps/SNAP in the past 12 months: - Income in the past 12 months at or above poverty level,Margin of Error; Household did not receive Food Stamps/SNAP in the past 12 months: - Income in the past 12 months at or above poverty level
0500000US06001,06001,"Alameda County, California",564293,1576,40756,1201,17841,930,22915,877,523537,2012,46824,1332,476713,2003
0500000US06003,06003,"Alpine County, California",343,69,42,22,13,10,29,18,301,62,24,15,277,61
0500000US06005,06005,"Amador County, California",14248,470,1358,266,502,143,856,241,12890,447,982,191,11908,426
0500000US06007,06007,"Butte County, California",85505,991,10127,578,5598,475,4529,450,75378,1112,11774,787,63604,994
0500000US06009,06009,"Calaveras County, California",17713,499,1651,338,698,231,953,242,16062,501,1237,252,14825,528
0500000US06011,06011,"Colusa County, California",6962,200,793,140,240,87,553,125,6169,242,614,146,5555,275
0500000US06013,06013,"Contra Costa County, California",387540,1199,25206,1077,10473,703,14733,848,362334,1669,25928,1174,336406,1839
0500000US06015,06015,"Del Norte County, California",9443,359,1359,198,723,164,636,156,8084,380,1229,222,6855,376
0500000US06017,06017,"El Dorado County, California",67528,668,4299,487,1545,304,2754,368,63229,730,4594,475,58635,768
0500000US06019,06019,"Fresno County, California",299456,1243,62108,1615,36447,1367,25661,1281,237348,1662,32145,1254,205203,1648
0500000US06021,06021,"Glenn County, California",9801,261,1157,240,740,214,417,121,8644,361,1340,261,7304,382
0500000US06023,06023,"Humboldt County, California",53689,634,6296,478,3112,341,3184,351,47393,675,7558,553,39835,749
0500000US06025,06025,"Imperial County, California",45800,778,9568,567,5767,484,3801,401,36232,788,5571,440,30661,833
0500000US06027,06027,"Inyo County, California",7973,167,707,136,272,97,435,115,7266,202,593,146,6673,239
0500000US06029,06029,"Kern County, California",262337,1275,44561,1446,24313,1134,20248,1077,217776,1843,28030,1094,189746,1912
0500000US06031,06031,"Kings County, California",41845,558,7125,494,3997,411,3128,360,34720,681,3849,400,30871,767
0500000US06033,06033,"Lake County, California",26194,615,3223,371,1773,289,1450,305,22971,626,4235,428,18736,668
0500000US06035,06035,"Lassen County, California",9501,310,942,181,546,128,396,111,8559,303,813,136,7746,305
0500000US06037,06037,"Los Angeles County, California",3281845,5067,296193,3178,150753,2224,145440,2337,2985652,5896,390885,4228,2594767,7066
0500000US06039,06039,"Madera County, California",43574,660,7637,741,4136,513,3501,427,35937,814,4703,451,31234,811
0500000US06041,06041,"Marin County, California",104400,772,3493,362,1278,263,2215,313,100907,849,6394,564,94513,829
0500000US06043,06043,"Mariposa County, California",7255,313,826,182,398,150,428,124,6429,343,735,194,5694,324
0500000US06045,06045,"Mendocino County, California",34594,568,4401,462,2365,367,2036,306,30193,594,4366,508,25827,686
0500000US06047,06047,"Merced County, California",78270,664,16464,764,9136,681,7328,539,61806,923,7966,572,53840,910
0500000US06049,06049,"Modoc County, California",3670,176,246,81,150,75,96,47,3424,193,546,166,2878,208
0500000US06051,06051,"Mono County, California",4950,411,181,87,51,35,130,80,4769,411,222,109,4547,386
0500000US06053,06053,"Monterey County, California",125916,701,8909,542,3834,333,5075,446,117007,876,13381,718,103626,1148
0500000US06055,06055,"Napa County, California",49375,570,2262,280,725,179,1537,226,47113,584,3373,330,43740,576
0500000US06057,06057,"Nevada County, California",40587,664,2685,374,1398,268,1287,244,37902,683,2832,403,35070,703
0500000US06059,06059,"Orange County, California",1017012,2328,65168,1684,28155,1232,37013,1158,951844,2720,82374,2178,869470,3454
0500000US06061,06061,"Placer County, California",136730,754,6319,537,2746,402,3573,381,130411,823,8887,598,121524,957
0500000US06063,06063,"Plumas County, California",8376,321,632,144,314,115,318,101,7744,342,860,201,6884,344
0500000US06065,06065,"Riverside County, California",705716,2381,75518,1708,35748,1301,39770,1150,630198,2977,68092,1964,562106,3324
0500000US06067,06067,"Sacramento County, California",527335,1526,65111,1564,33532,1160,31579,1191,462224,1989,49870,1397,412354,2060
0500000US06069,06069,"San Benito County, California",17390,159,1870,257,774,165,1096,197,15520,298,976,197,14544,356
0500000US06071,06071,"San Bernardino County, California",618922,2288,98559,1818,47824,1554,50735,1642,520363,2506,59039,1765,461324,2784
0500000US06073,06073,"San Diego County, California",1103128,2860,77444,1818,36167,1203,41277,1323,1025684,3270,102288,2435,923396,4109
0500000US06075,06075,"San Francisco County, California",356797,1619,18427,837,8717,660,9710,654,338370,1708,37191,1292,301179,1879
0500000US06077,06077,"San Joaquin County, California",221707,951,31992,1135,15657,810,16335,891,189715,1303,20748,813,168967,1317
0500000US06079,06079,"San Luis Obispo County, California",104404,919,5976,599,2423,397,3553,444,98428,1065,11024,808,87404,921
0500000US06081,06081,"San Mateo County, California",261010,932,9699,625,3312,386,6387,550,251311,1048,14293,581,237018,1152
0500000US06083,06083,"Santa Barbara County, California",143051,855,10462,671,4901,488,5561,589,132589,1028,14494,774,118095,1165
0500000US06085,06085,"Santa Clara County, California",626579,1547,32132,1214,12339,708,19793,964,594447,1808,41721,1358,552726,2227
0500000US06087,06087,"Santa Cruz County, California",95062,658,7473,628,3060,461,4413,468,87589,906,9558,630,78031,1005
0500000US06089,06089,"Shasta County, California",69713,574,6951,478,3614,347,3337,322,62762,698,7634,556,55128,844
0500000US06091,06091,"Sierra County, California",1275,144,53,28,14,14,39,23,1222,142,130,80,1092,149
0500000US06093,06093,"Siskiyou County, California",19045,385,2525,248,1411,194,1114,191,16520,395,2489,291,14031,360
0500000US06095,06095,"Solano County, California",145315,947,13763,683,6312,559,7451,501,131552,1216,10364,683,121188,1172
0500000US06097,06097,"Sonoma County, California",189043,1028,13402,781,4928,455,8474,660,175641,1199,13899,741,161742,1188
0500000US06099,06099,"Stanislaus County, California",170328,901,26938,990,13200,718,13738,836,143390,1232,15297,797,128093,1269
0500000US06101,06101,"Sutter County, California",32028,361,3762,366,1800,259,1962,249,28266,488,3277,357,24989,473
0500000US06103,06103,"Tehama County, California",23573,477,3491,472,1730,337,1761,339,20082,594,2489,416,17593,645
0500000US06105,06105,"Trinity County, California",5468,225,539,144,298,126,241,110,4929,227,744,141,4185,241
0500000US06107,06107,"Tulare County, California",134153,756,31373,1158,17823,887,13550,769,102780,1225,14488,985,88292,1372
0500000US06109,06109,"Tuolumne County, California",22083,509,2410,326,1218,298,1192,263,19673,526,2114,310,17559,590
0500000US06111,06111,"Ventura County, California",269338,1020,19024,1087,8086,736,10938,734,250314,1449,16690,906,233624,1511
0500000US06113,06113,"Yolo County, California",72544,578,6189,514,2881,364,3308,383,66355,695,9995,598,56360,758
0500000US06115,06115,"Yuba County, California",25655,402,4207,367,2304,308,1903,277,21448,479,2424,310,19024,468
